"rgn_id","pressure_score"
2,0.0522632
11,0.0522632
5,0.0522632
4,0.0522632
3,0.0522632
14,0.0522632
7,0.0522632
1,0.0522632
8,0.0522632
9,0.0522632
10,0.0522632
13,0.0522632
12,0.0522632
6,0.0522632
