"rgn_id","pressure_score"
2,0.214829509148998
11,0.214829509148998
5,0.214829509148998
4,0.214829509148998
3,0.214829509148998
14,0.214829509148998
7,0.214829509148998
1,0.214829509148998
8,0.214829509148998
9,0.214829509148998
10,0.214829509148998
13,0.214829509148998
12,0.214829509148998
6,0.214829509148998
