"rgn_id","pressure_score"
2,0.385646047487847
11,0.385646047487847
5,0.385646047487847
4,0.385646047487847
3,0.385646047487847
14,0.385646047487847
7,0.385646047487847
1,0.385646047487847
8,0.385646047487847
9,0.385646047487847
10,0.385646047487847
13,0.385646047487847
12,0.385646047487847
6,0.385646047487847
