"rgn_id","pressure_score"
2,0.877941374604144
11,0.877941374604144
5,0.877941374604144
4,0.877941374604144
3,0.877941374604144
14,0.877941374604144
7,0.877941374604144
1,0.877941374604144
8,0.877941374604144
9,0.877941374604144
10,0.877941374604144
13,0.877941374604144
12,0.877941374604144
6,0.877941374604144
