"rgn_id","trend"
2,0.00634517766497462
11,0.00634517766497462
5,0.00634517766497462
4,0.00634517766497462
3,0.00634517766497462
14,0.00634517766497462
7,0.00634517766497462
1,0.00634517766497462
8,0.00634517766497462
9,0.00634517766497462
10,0.00634517766497462
13,0.00634517766497462
12,0.00634517766497462
6,0.00634517766497462
