"rgn_id","trend.score"
2,0.00633618210755831
11,0.00633618210755831
5,0.00633618210755831
4,0.00633618210755831
3,0.00633618210755831
14,0.00633618210755831
7,0.00633618210755831
1,0.00633618210755831
8,0.00633618210755831
9,0.00633618210755831
10,0.00633618210755831
13,0.00633618210755831
12,0.00633618210755831
6,0.00633618210755831
