"rgn_id","trend"
2,0.000944941432717798
11,0.000944941432717798
5,0.000944941432717798
4,0.000944941432717798
3,0.000944941432717798
14,0.000944941432717798
7,0.000944941432717798
1,0.000944941432717798
8,0.000944941432717798
9,0.000944941432717798
10,0.000944941432717798
13,0.000944941432717798
12,0.000944941432717798
6,0.000944941432717798
