"rgn_id","resilience.score"
2,0.79769696969697
11,0.79769696969697
5,0.79769696969697
4,0.79769696969697
3,0.79769696969697
14,0.79769696969697
7,0.79769696969697
1,0.79769696969697
8,0.79769696969697
9,0.79769696969697
10,0.79769696969697
13,0.79769696969697
12,0.79769696969697
6,0.79769696969697
