"rgn_id","resilience.score"
2,0.753585223932414
11,0.753585223932414
5,0.753585223932414
4,0.753585223932414
3,0.753585223932414
14,0.753585223932414
7,0.753585223932414
1,0.753585223932414
8,0.753585223932414
9,0.753585223932414
10,0.753585223932414
13,0.753585223932414
12,0.753585223932414
6,0.753585223932414
