"rgn_id","pressure_score"
2,0.348599888925009
11,0.348599888925009
5,0.348599888925009
4,0.348599888925009
3,0.348599888925009
14,0.348599888925009
7,0.348599888925009
1,0.348599888925009
8,0.348599888925009
9,0.348599888925009
10,0.348599888925009
13,0.348599888925009
12,0.348599888925009
6,0.348599888925009
