"rgn_id","pressure_score"
2,0.274110951018488
11,0.274110951018488
5,0.274110951018488
4,0.274110951018488
3,0.274110951018488
14,0.274110951018488
7,0.274110951018488
1,0.274110951018488
8,0.274110951018488
9,0.274110951018488
10,0.274110951018488
13,0.274110951018488
12,0.274110951018488
6,0.274110951018488
