"rgn_id","w_fis"
2,0.981546915899532
11,0.981546915899532
5,0.981546915899532
4,0.981546915899532
3,0.981546915899532
14,0.981546915899532
7,0.981546915899532
1,0.981546915899532
8,0.981546915899532
9,0.981546915899532
10,0.981546915899532
13,0.981546915899532
12,0.981546915899532
6,0.981546915899532
