"rgn_id","resilience.score"
2,0.954545454545454
11,0.954545454545454
5,0.954545454545454
4,0.954545454545454
3,0.954545454545454
14,0.954545454545454
7,0.954545454545454
1,0.954545454545454
8,0.954545454545454
9,0.954545454545454
10,0.954545454545454
13,0.954545454545454
12,0.954545454545454
6,0.954545454545454
