"rgn_id","resilience.score"
2,0.909090909090909
11,0.909090909090909
5,0.909090909090909
4,0.909090909090909
3,0.909090909090909
14,0.909090909090909
7,0.909090909090909
1,0.909090909090909
8,0.909090909090909
9,0.909090909090909
10,0.909090909090909
13,0.909090909090909
12,0.909090909090909
6,0.909090909090909
