"rgn_id","pressure_score"
2,0.130461
11,0.130461
5,0.130461
4,0.130461
3,0.130461
14,0.130461
7,0.130461
1,0.130461
8,0.130461
9,0.130461
10,0.130461
13,0.130461
12,0.130461
6,0.130461
