"rgn_id","score"
2,0.782857142857143
11,0.782857142857143
5,0.782857142857143
4,0.782857142857143
3,0.782857142857143
14,0.782857142857143
7,0.782857142857143
1,0.782857142857143
8,0.782857142857143
9,0.782857142857143
10,0.782857142857143
13,0.782857142857143
12,0.782857142857143
6,0.782857142857143
