"rgn_id","resilience.score"
2,0.166363745579
11,0.166363745579
5,0.166363745579
4,0.166363745579
3,0.166363745579
14,0.166363745579
7,0.166363745579
1,0.166363745579
8,0.166363745579
9,0.166363745579
10,0.166363745579
13,0.166363745579
12,0.166363745579
6,0.166363745579
