"rgn_id","pressure_score"
2,0.219436362289154
11,0.219436362289154
5,0.219436362289154
4,0.219436362289154
3,0.219436362289154
14,0.219436362289154
7,0.219436362289154
1,0.219436362289154
8,0.219436362289154
9,0.219436362289154
10,0.219436362289154
13,0.219436362289154
12,0.219436362289154
6,0.219436362289154
