"rgn_id","pressure_score"
2,0.173818846959512
11,0.173818846959512
5,0.173818846959512
4,0.173818846959512
3,0.173818846959512
14,0.173818846959512
7,0.173818846959512
1,0.173818846959512
8,0.173818846959512
9,0.173818846959512
10,0.173818846959512
13,0.173818846959512
12,0.173818846959512
6,0.173818846959512
