"rgn_id","pressure_score"
2,0.0192883
11,0.0192883
5,0.0192883
4,0.0192883
3,0.0192883
14,0.0192883
7,0.0192883
1,0.0192883
8,0.0192883
9,0.0192883
10,0.0192883
13,0.0192883
12,0.0192883
6,0.0192883
