"rgn_id","pressures.score"
2,0.044364033382216
11,0.044364033382216
5,0.044364033382216
4,0.044364033382216
3,0.044364033382216
14,0.044364033382216
7,0.044364033382216
1,0.044364033382216
8,0.044364033382216
9,0.044364033382216
10,0.044364033382216
13,0.044364033382216
12,0.044364033382216
6,0.044364033382216
