"rgn_id","score"
2,0.902612313157101
11,0.902612313157101
5,0.902612313157101
4,0.902612313157101
3,0.902612313157101
14,0.902612313157101
7,0.902612313157101
1,0.902612313157101
8,0.902612313157101
9,0.902612313157101
10,0.902612313157101
13,0.902612313157101
12,0.902612313157101
6,0.902612313157101
