"rgn_id","score"
2,0.91173621819825
11,0.91173621819825
5,0.91173621819825
4,0.91173621819825
3,0.91173621819825
14,0.91173621819825
7,0.91173621819825
1,0.91173621819825
8,0.91173621819825
9,0.91173621819825
10,0.91173621819825
13,0.91173621819825
12,0.91173621819825
6,0.91173621819825
