"rgn_id","score"
2,-0.0341612697566768
11,-0.0341612697566768
5,-0.0341612697566768
4,-0.0341612697566768
3,-0.0341612697566768
14,-0.0341612697566768
7,-0.0341612697566768
1,-0.0341612697566768
8,-0.0341612697566768
9,-0.0341612697566768
10,-0.0341612697566768
13,-0.0341612697566768
12,-0.0341612697566768
6,-0.0341612697566768
