"rgn_id","score"
2,0.135090437098213
11,0.135090437098213
5,0.135090437098213
4,0.135090437098213
3,0.135090437098213
14,0.135090437098213
7,0.135090437098213
1,0.135090437098213
8,0.135090437098213
9,0.135090437098213
10,0.135090437098213
13,0.135090437098213
12,0.135090437098213
6,0.135090437098213
