"rgn_id","resilience.score"
2,0.777777777777833
11,0.777777777777833
5,0.777777777777833
4,0.777777777777833
3,0.777777777777833
14,0.777777777777833
7,0.777777777777833
1,0.777777777777833
8,0.777777777777833
9,0.777777777777833
10,0.777777777777833
13,0.777777777777833
12,0.777777777777833
6,0.777777777777833
