"rgn_id","score"
2,0.864909562901787
11,0.864909562901787
5,0.864909562901787
4,0.864909562901787
3,0.864909562901787
14,0.864909562901787
7,0.864909562901787
1,0.864909562901787
8,0.864909562901787
9,0.864909562901787
10,0.864909562901787
13,0.864909562901787
12,0.864909562901787
6,0.864909562901787
